repeticao,tempo_segundos
1,0.00022080
2,0.00019910
3,0.00021700
4,0.00021890
5,0.00013100
6,0.00012550
7,0.00012690
8,0.00015050
9,0.00023710
10,0.00020610
11,0.00020800
12,0.00021090
13,0.00021180
14,0.00021110
15,0.00021950

Media,0.00019295
DesvioPadrao,0.00003713
